STATE,SEASON,CROP,JAN,FEB,MAR,APR,MAY,JUN,JUL,AUG,SEP,OCT,NOV,DEC
ARUNACHAL PRADESH,ALL YEAR,APPLE,,,,,,,,,,HARVEST,,
HIMACHAL PRADESH,ALL YEAR,APPLE,,,,,,,,HARVEST,HARVEST,,,
ANDHRA PRADESH,KHARIF,TUR,,,,,,MIDDLE,MIDDLE,,,,BEGINNING,BEGINNING
BIHAR,KHARIF,TUR,,,,"EARLY, MIDDLE",,BEGINNING,MIDDLE,,,,"BEGINNING, MIDDLE",
CHHATTISGARH,KHARIF,TUR,"BEGINNING, MIDDLE",,,,,"BEGINNING, MIDDLE","BEGINNING, MIDDLE",,,,"BEGINNING, MIDDLE",
GUJARAT,KHARIF,TUR,,,,,,MIDDLE,MIDDLE,,,,BEGINNING,HARVEST
HARYANA,KHARIF,TUR,,,,,,"BEGINNING, MIDDLE",,,,"EARLY, MIDDLE",,
JHARKHAND,KHARIF,TUR,,,MIDDLE,BEGINNING,,BEGINNING,MIDDLE,,,,"MIDDLE , BEGINNING",
KARNATAKA,KHARIF,TUR,,,,,,MIDDLE,MIDDLE,,,,BEGINNING,HARVEST
MADHYA PRADESH,KHARIF,TUR,,,,,,MIDDLE,MIDDLE,,,,BEGINNING,HARVEST
MAHARASHTRA,KHARIF,TUR,,,,,,MIDDLE,MIDDLE,,,,BEGINNING,HARVEST
NAGALAND,KHARIF,TUR,,,,,,BEGINNING,,,,,MIDDLE,
ODISHA,KHARIF,TUR,,,,,,BEGINNING,MIDDLE,,,,MIDDLE,
PUNJAB,KHARIF,TUR,,,,,,BEGINNING,,,,EARLY,,
RAJASTHAN,KHARIF,TUR,,,,,,BEGINNING,,,,,MIDDLE,
TAMIL NADU,KHARIF,TUR,,,,,,BEGINNING,MIDDLE,,,,BEGINNING,HARVEST
TRIPURA,KHARIF,TUR,,,,,,BEGINNING,,,,,MIDDLE,
UTTAR PRADESH,KHARIF,TUR,,,,MIDDLE,,BEGINNING,MIDDLE,,,,MIDDLE,
ANDHRA PRADESH,RABI,BAJRA,,HARVEST,HARVEST,,,,,,,,MIDDLE,MIDDLE
ANDHRA PRADESH,SUMMER,BAJRA,SOWING,,,HARVEST,,SOWING,SOWING,,HARVEST,HARVEST,,
ANDHRA PRADESH,KHARIF,BAJRA,,,,,,,,,,,,
MADHYA PRADESH,SUMMER,BAJRA,,LATE,EARLY,,,"EARLY, MIDDLE",,,,,,
MADHYA PRADESH,KHARIF,BAJRA,,,,,,,"EARLY, LATE",,,"EARLY, LATE",,
MAHARASHTRA,SUMMER,BAJRA,LATE,EARLY,,,"EARLY, LATE",,,,,,,
MAHARASHTRA,KHARIF,BAJRA,,,,,,LATE,EARLY,,LATE,EARLY,,
PUNJAB,KHARIF,BAJRA,,,,,,,MIDDLE,EARLY,,LATE,,
RAJASTHAN,KHARIF,BAJRA,,,,,,LATE,MIDDLE,,LATE,MIDDLE,,
RAJASTHAN,SUMMER,BAJRA,,MIDDLE,EARLY,,LATE,MIDDLE,,,,,,
TAMIL NADU,KHARIF,TUR,,,,,,MIDDLE,MIDDLE,,MIDDLE,MIDDLE,,
TAMIL NADU,RABI,BAJRA,,,,,,,,,MIDDLE,MIDDLE,,MIDDLE
TAMIL NADU,SUMMER,BAJRA,,MIDDLE,EARLY,,MIDDLE,MIDDLE,,,,,,
TELANGANA,KHARIF,BAJRA,,,SOWING,SOWING,,,HARVEST,HARVEST,,,,
UTTAR PRADESH,KHARIF,BAJRA,,,,,,,EARLY,,,MIDDLE,,
UTTAR PRADESH,SUMMER,BAJRA,,,EARLY,,LATE,EARLY,,,,,,
ANDHRA PRADESH,ALL YEAR,BANANA,HARVEST,HARVEST,HARVEST,HARVEST,HARVEST,HARVEST,HARVEST,HARVEST,HARVEST,HARVEST,HARVEST,HARVEST
ARUNACHAL PRADESH,ALL YEAR,BANANA,HARVEST,HARVEST,HARVEST,HARVEST,HARVEST,HARVEST,HARVEST,HARVEST,HARVEST,HARVEST,HARVEST,HARVEST
ASSAM,ALL YEAR,BANANA,HARVEST,HARVEST,HARVEST,HARVEST,HARVEST,HARVEST,HARVEST,HARVEST,HARVEST,HARVEST,HARVEST,HARVEST
BIHAR,ALL YEAR,BANANA,,,,,,,,,HARVEST,HARVEST,HARVEST,
CHHATTISGARH,ALL YEAR,BANANA,,HARVEST,HARVEST,,,,HARVEST,HARVEST,HARVEST,,,
GOA,ALL YEAR,BANANA,HARVEST,HARVEST,HARVEST,HARVEST,HARVEST,HARVEST,HARVEST,HARVEST,HARVEST,HARVEST,HARVEST,HARVEST
GUJARAT,ALL YEAR,BANANA,,,,,,,,,HARVEST,HARVEST,HARVEST,
HIMACHAL PRADESH,ALL YEAR,BANANA,,,,,,,HARVEST,HARVEST,,,,
JHARKHAND,ALL YEAR,BANANA,,,,,,,,,HARVEST,HARVEST,HARVEST,
KARNATAKA,ALL YEAR,BANANA,,,,,,,HARVEST,HARVEST,HARVEST,HARVEST,HARVEST,
KERALA,ALL YEAR,BANANA,,,,,,,,HARVEST,HARVEST,,HARVEST,HARVEST
LAKSHADWEEP,ALL YEAR,BANANA,HARVEST,HARVEST,HARVEST,HARVEST,HARVEST,HARVEST,HARVEST,HARVEST,HARVEST,HARVEST,HARVEST,HARVEST
MADHYA PRADESH,ALL YEAR,BANANA,,,,,,,HARVEST,HARVEST,,,,
MAHARASHTRA,ALL YEAR,BANANA,HARVEST,HARVEST,HARVEST,HARVEST,HARVEST,HARVEST,HARVEST,HARVEST,HARVEST,HARVEST,HARVEST,HARVEST
MANIPUR,ALL YEAR,BANANA,,,,,,,,HARVEST,,,,
MEGHALAYA,ALL YEAR,BANANA,,,,,,HARVEST,,,,,,
MIZORAM,ALL YEAR,BANANA,,HARVEST,,,,,,,,,,
NAGALAND,ALL YEAR,BANANA,HARVEST,HARVEST,HARVEST,HARVEST,HARVEST,HARVEST,HARVEST,HARVEST,HARVEST,HARVEST,HARVEST,HARVEST
ODISHA,ALL YEAR,BANANA,,,,,,,,,HARVEST,HARVEST,HARVEST,HARVEST
PUDUCHERRY,ALL YEAR,BANANA,,,,,,,,HARVEST,,,,
SIKKIM,ALL YEAR,BANANA,,,,,,,,,HARVEST,HARVEST,,
TAMIL NADU,ALL YEAR,BANANA,HARVEST,HARVEST,HARVEST,HARVEST,HARVEST,HARVEST,HARVEST,HARVEST,HARVEST,HARVEST,HARVEST,HARVEST
TRIPURA,ALL YEAR,BANANA,HARVEST,HARVEST,HARVEST,HARVEST,HARVEST,HARVEST,HARVEST,HARVEST,HARVEST,HARVEST,HARVEST,HARVEST
UTTAR PRADESH,ALL YEAR,BANANA,,,,,,,,HARVEST,HARVEST,,,
UTTARAKHAND,ALL YEAR,BANANA,,,,,HARVEST,HARVEST,HARVEST,HARVEST,,,,
WEST BENGAL,ALL YEAR,BANANA,,,,,,,,HARVEST,HARVEST,,,
ANDHRA PRADESH,ALL YEAR,CABBAGE,HARVEST,,,,,,,,,,HARVEST,
ASSAM,ALL YEAR,CABBAGE,HARVEST,HARVEST,,,,,,,,,,
BIHAR,ALL YEAR,CABBAGE,HARVEST,HARVEST,,,,,,,,,HARVEST,HARVEST
CHHATTISGARH,ALL YEAR,CABBAGE,HARVEST,HARVEST,,,,,,HARVEST,HARVEST,HARVEST,HARVEST,HARVEST
GUJARAT,ALL YEAR,CABBAGE,HARVEST,HARVEST,,,,,,,,,,HARVEST
HARYANA,ALL YEAR,CABBAGE,HARVEST,,,,,,,,,,,
HIMACHAL PRADESH,ALL YEAR,CABBAGE,,HARVEST,,,,,,,HARVEST,HARVEST,HARVEST,HARVEST
JHARKHAND,ALL YEAR,CABBAGE,,,,,,,,,,,HARVEST,HARVEST
KARNATAKA,ALL YEAR,CABBAGE,HARVEST,HARVEST,HARVEST,HARVEST,HARVEST,HARVEST,HARVEST,HARVEST,HARVEST,HARVEST,HARVEST,HARVEST
MADHYA PRADESH,ALL YEAR,CABBAGE,HARVEST,HARVEST,,,,,,,,,,
MAHARASHTRA,ALL YEAR,CABBAGE,HARVEST,HARVEST,,,,,,,,,,
MANIPUR,ALL YEAR,CABBAGE,,,,,,,HARVEST,HARVEST,,,,
MEGHALAYA,ALL YEAR,CABBAGE,,,,,,,,HARVEST,,,,
MIZORAM,ALL YEAR,CABBAGE,,,,,,,,,,,,HARVEST
NAGALAND,ALL YEAR,CABBAGE,,HARVEST,,,,,,,,,,
ODISHA,ALL YEAR,CABBAGE,HARVEST,HARVEST,HARVEST,,,,,,,,,HARVEST
PUNJAB,ALL YEAR,CABBAGE,HARVEST,HARVEST,HARVEST,,,,,,,,,HARVEST
RAJASTHAN,ALL YEAR,CABBAGE,,,,,,,,,,,,HARVEST
SIKKIM,ALL YEAR,CABBAGE,,,,,,HARVEST,HARVEST,HARVEST,HARVEST,HARVEST,,
TAMIL NADU,ALL YEAR,CABBAGE,,,,,HARVEST,,,,,,,HARVEST
UTTAR PRADESH,ALL YEAR,CABBAGE,HARVEST,,,,,,,,,,,
UTTARAKHAND,ALL YEAR,CABBAGE,HARVEST,HARVEST,HARVEST,HARVEST,HARVEST,HARVEST,HARVEST,HARVEST,,,HARVEST,HARVEST
WEST BENGAL,ALL YEAR,CABBAGE,HARVEST,HARVEST,,,,,,,,,HARVEST,HARVEST
ANDHRA PRADESH,KHARIF,CASTORSEED,HARVEST,,,,,SOWING,SOWING,,,,,HARVEST
CHHATTISGARH,KHARIF,CASTORSEED,,HARVEST,,,,,SOWING,,,,,
GUJARAT,KHARIF,CASTORSEED,,HARVEST,HARVEST,,,,SOWING,SOWING,,,,
HARYANA,KHARIF,CASTORSEED,HARVEST,HARVEST,,,,,SOWING,SOWING,,,,
KARNATAKA,KHARIF,CASTORSEED,,,,,,,SOWING,SOWING,,,HARVEST,HARVEST
MAHARASHTRA,KHARIF,CASTORSEED,HARVEST,,,,,SOWING,SOWING,,,,,HARVEST
ODISHA,KHARIF,CASTORSEED,HARVEST,,,,,SOWING,SOWING,,,,,HARVEST
RAJASTHAN,KHARIF,CASTORSEED,HARVEST,HARVEST,,,,,SOWING,SOWING,,,,
TELANGANA,KHARIF,CASTORSEED,HARVEST,,,,,SOWING,SOWING,,,SOWING,SOWING,HARVEST
ANDHRA PRADESH,RABI,GRAM,,MIDDLE,BEGINNING,,,,,,,,"BEGINNING, MIDDLE",
ASSAM,RABI,GRAM,,,"BEGINNING, EARLY",,,,,,,MIDDLE,MIDDLE,
BIHAR,RABI,GRAM,,,"BEGINNING, EARLY",,,,,,,MIDDLE,MIDDLE,
CHHATTISGARH,RABI,GRAM,,EARLY,EARLY,,,,,,,MIDDLE,MIDDLE,
CHHATTISGARH,RABI,GRAM,,EARLY,MIDDLE,,,,,,,"BEGINNING, EARLY",MIDDLE,
GUJARAT,RABI,GRAM,,MIDDLE,EARLY,,,,,,,BEGINNING,MIDDLE,
GUJARAT,RABI,GRAM,,MIDDLE,MIDDLE,,,,,,,BEGINNING,MIDDLE,
HARYANA,RABI,GRAM,,,MIDDLE,BEGINNING,,,,,,MIDDLE,EARLY,
JHARKHAND,RABI,GRAM,,,MIDDLE,MIDDLE,,,,,,MIDDLE,MIDDLE,
JHARKHAND,RABI,GRAM,,,"BEGINNING, MIDDLE",MIDDLE,,,,,,MIDDLE,MIDDLE,
KARNATAKA,RABI,GRAM,,EARLY,,,,,,,,BEGINNING,EARLY,
MADHYA PRADESH,RABI,GRAM,,MIDDLE,EARLY,,,,,,,BEGINNING,MIDDLE,
MADHYA PRADESH,RABI,GRAM,,MIDDLE,MIDDLE,,,,,,,BEGINNING,BEGINNING,
MAHARASHTRA,RABI,GRAM,,MIDDLE,EARLY,,,,,,EARLY,MIDDLE,BEGINNING,
MAHARASHTRA,RABI,GRAM,,MIDDLE,EARLY,,,,,,EARLY,EARLY,BEGINNING,
MANIPUR,RABI,GRAM,,,HARVEST,HARVEST,,,,,SOWING,SOWING,,
MEGHALAYA,RABI,GRAM,,,,,,,,,BEGINNING,EARLY,,BEGINNING
PUNJAB,RABI,GRAM,,,MIDDLE,EARLY,,,,,,MIDDLE,EARLY,
RAJASTHAN,RABI,GRAM,,,MIDDLE,EARLY,,,,,,MIDDLE,EARLY,
UTTAR PRADESH,RABI,GRAM,,,MIDDLE,EARLY,,,,,,MIDDLE,EARLY,
WEST BENGAL,RABI,GRAM,,,EARLY,,,,,,,MIDDLE,EARLY,
ANDHRA PRADESH,KHARIF,COTTON,EARLY,,,,,EARLY,EARLY,,,,,BEGINNING
BIHAR,KHARIF,COTTON,,,,,,,BEGINNING,,,MIDDLE,MIDDLE,
GUJARAT,KHARIF,COTTON,,,,,MIDDLE,EARLY,,,,BEGINNING,EARLY,
HARYANA,KHARIF,COTTON,,,,MIDDLE,MIDDLE,,,,,MIDDLE,MIDDLE,
KERALA,KHARIF,COTTON,,,,,BEGINNING,EARLY,,,,BEGINNING,EARLY,
MADHYA PRADESH,KHARIF,COTTON,,,,,,SOWING,SOWING,,,HARVEST,HARVEST,
MAHARASHTRA,KHARIF,COTTON,,,,,,"MIDDLE , EARLY",,,,,HARVEST,HARVEST
ODISHA,KHARIF,COTTON,,,,,,SOWING,SOWING,,,,HARVEST,HARVEST
PUNJAB,KHARIF,COTTON,,,,MIDDLE,MIDDLE,,,,,BEGINNING,EARLY,
RAJASTHAN,KHARIF,COTTON,,,,BEGINNING,MIDDLE,,,,,,BEGINNING,EARLY
TAMIL NADU,KHARIF,COTTON,,BEGINNING,HARVEST,EARLY,,,,SOWING,SOWING,,,
TELANGANA,KHARIF,COTTON,,,,,,EARLY,EARLY,,,,,EARLY
UTTAR PRADESH,KHARIF,COTTON,,,,BEGINNING,SOWING,EARLY,,,BEGINNING,HARVEST,EARLY,
WEST BENGAL,KHARIF,COTTON,,,,,,BEGINNING,SOWING,EARLY,,BEGINNING,EARLY,
ANDHRA PRADESH,ALL YEAR,GRAPE,,,HARVEST,HARVEST,,,,,,,,
HARYANA,ALL YEAR,GRAPE,,,,,,HARVEST,,,,,,
HIMACHAL PRADESH,ALL YEAR,GRAPE,,,,,,,HARVEST,,,,,
MADHYA PRADESH,ALL YEAR,GRAPE,,,HARVEST,HARVEST,,,,,,,,
MAHARASHTRA,ALL YEAR,GRAPE,,,HARVEST,,HARVEST,,,,,,,
MIZORAM,ALL YEAR,GRAPE,,,,,,,,,,HARVEST,,
PUNJAB,ALL YEAR,GRAPE,,,,,HARVEST,HARVEST,,,,,,
RAJASTHAN,ALL YEAR,GRAPE,,,,,,HARVEST,,,,,,
TAMIL NADU,ALL YEAR,GRAPE,,,,,HARVEST,,,,,,HARVEST,
UTTAR PRADESH,ALL YEAR,GRAPE,,,,,,HARVEST,,,,,,
UTTARAKHAND,ALL YEAR,GRAPE,,,,,,,HARVEST,HARVEST,,,,
ANDHRA PRADESH,KHARIF,GROUNDNUT,,,,,,BEGINNING,SOWING,BEGINNING,,BEGINNING,EARLY,
ANDHRA PRADESH,RABI,GROUNDNUT,,,EARLY,,,,,,,,MIDDLE,MIDDLE
ASSAM,KHARIF,GROUNDNUT,,,,,,,BEGINNING,BEGINNING,,,BEGINNING,EARLY
ASSAM,RABI,GROUNDNUT,,,,,,,BEGINNING,EARLY,,,BEGINNING,EARLY
CHHATTISGARH,KHARIF,GROUNDNUT,,,,,,MIDDLE,MIDDLE,,MIDDLE,HARVEST,BEGINNING,
GUJARAT,SUMMER,GROUNDNUT,,EARLY,,EARLY,EARLY,,,,,,,
GUJARAT,KHARIF,GROUNDNUT,,,,,,BEGINNING,EARLY,,BEGINNING,HARVEST,EARLY,
JHARKHAND,KHARIF,GROUNDNUT,,,,,,MIDDLE,MIDDLE,,,BEGINNING,EARLY,
KARNATAKA,RABI,GROUNDNUT,,MIDDLE,MIDDLE,,,,,,,,MIDDLE,MIDDLE
KARNATAKA,SUMMER,GROUNDNUT,,,BEGINNING,EARLY,,,,,,,,BEGINNING
KARNATAKA,KHARIF,GROUNDNUT,,,,,,BEGINNING,EARLY,,,BEGINNING,EARLY,
MADHYA PRADESH,KHARIF,GROUNDNUT,,,MIDDLE,EARLY,,,,,,BEGINNING,MIDDLE,
MAHARASHTRA,SUMMER,GROUNDNUT,,EARLY,,EARLY,EARLY,,,,,,,
MAHARASHTRA,KHARIF,GROUNDNUT,,,,,,EARLY,EARLY,,,BEGINNING,BEGINNING,
MANIPUR,KHARIF,GROUNDNUT,,,,,BEGINNING,EARLY,,,,BEGINNING,EARLY,
ODISHA,KHARIF,GROUNDNUT,,,,,,MIDDLE,EARLY,,,MIDDLE,MIDDLE,
ODISHA,RABI,GROUNDNUT,,,EARLY,,,,,,,,,
ODISHA,SUMMER,GROUNDNUT,,,,,EARLY,,,,,,BEGINNING,
PUDUCHERRY,KHARIF,GROUNDNUT,,,,,,BEGINNING,EARLY,,BEGINNING,MIDDLE,,
PUDUCHERRY,RABI,GROUNDNUT,,,EARLY,EARLY,,,,,,,,BEGINNING
PUNJAB,KHARIF,GROUNDNUT,,,,,BEGINNING,EARLY,,,,BEGINNING,EARLY,
PUNJAB,SUMMER,GROUNDNUT,,,BEGINNING,,,EARLY,,,,,,
RAJASTHAN,KHARIF,GROUNDNUT,,,,,,BEGINNING,EARLY,,,BEGINNING,EARLY,
RAJASTHAN,SUMMER,GROUNDNUT,,EARLY,,,,BEGINNING,,,,,,
TAMIL NADU,KHARIF,GROUNDNUT,,,,,,BEGINNING,EARLY,,BEGINNING,BEGINNING,,
TAMIL NADU,RABI,GROUNDNUT,,,BEGINNING,MIDDLE,,,,,,,EARLY,HARVEST
TAMIL NADU,SUMMER,GROUNDNUT,,,,MIDDLE,MIDDLE,,,EARLY,,,,
UTTAR PRADESH,KHARIF,GROUNDNUT,,MIDDLE,EARLY,,,EARLY,,,,,,
WEST BENGAL,RABI,GROUNDNUT,,,,,EARLY,,,,,,,MIDDLE
WEST BENGAL,SUMMER,GROUNDNUT,MIDDLE,SOWING,BEGINNING,,,EARLY,,,,,,
WEST BENGAL,KHARIF,GROUNDNUT,,,,,,MIDDLE,MIDDLE,,,EARLY,,
BIHAR,KHARIF,KULTHI,,,,,,,,"MIDDLE , EARLY",,EARLY,BEGINNING,
HIMACHAL PRADESH,KHARIF,KULTHI,,,,,,MIDDLE,EARLY,,EARLY,MIDDLE,,
KARNATAKA,KHARIF,KULTHI,,,,,,,,EARLY,,MIDDLE,BEGINNING,
MADHYA PRADESH,KHARIF,KULTHI,,,,,,,,EARLY,,EARLY,,
MAHARASHTRA,KHARIF,KULTHI,,,,,,,MIDDLE,,,MIDDLE,,
RAJASTHAN,KHARIF,KULTHI,,,,,,,MIDDLE,,,MIDDLE,,
TAMIL NADU,KHARIF,KULTHI,,BEGINNING,,,,,,,,EARLY,,
KERALA,KHARIF,JUTE,EARLY,,,,,BEGINNING,SOWING,SOWING,SOWING,EARLY,HARVEST,HARVEST
KERALA,KHARIF,JUTE,,,,,,BEGINNING,SOWING,SOWING,SOWING,BEGINNING,HARVEST,HARVEST
MANIPUR,KHARIF,JUTE,,SOWING,SOWING,,,,,HARVEST,HARVEST,,,
ODISHA,KHARIF,JUTE,,,,,SOWING,SOWING,,HARVEST,HARVEST,,,
TRIPURA,KHARIF,JUTE,,,SOWING,SOWING,SOWING,,,HARVEST,HARVEST,,,
WEST BENGAL,KHARIF,SOYBEAN,,,BEGINNING,SOWING,EARLY,,BEGINNING,EARLY,,,,
ANDHRA PRADESH,KHARIF,SOYBEAN,,,,,,MIDDLE,MIDDLE,,EARLY,BEGINNING,,
BIHAR,KHARIF,SOYBEAN,,,,,,MIDDLE,MIDDLE,,EARLY,MIDDLE,,
CHHATTISGARH,KHARIF,SOYBEAN,,,,,,MIDDLE,MIDDLE,,EARLY,BEGINNING,,
GUJARAT,KHARIF,SOYBEAN,,,,,,MIDDLE,MIDDLE,,EARLY,MIDDLE,,
JHARKHAND,KHARIF,SOYBEAN,,,,,,MIDDLE,MIDDLE,,EARLY,MIDDLE,,
KARNATAKA,KHARIF,SOYBEAN,,,,,,MIDDLE,BEGINNING,,EARLY,BEGINNING,,
MADHYA PRADESH,KHARIF,SOYBEAN,,,,,,MIDDLE,MIDDLE,,EARLY,BEGINNING,,
MAHARASHTRA,KHARIF,SOYBEAN,,,,,,MIDDLE,MIDDLE,,EARLY,BEGINNING,,
MANIPUR,KHARIF,SOYBEAN,,,,,,SOWING,SOWING,,EARLY,BEGINNING,,
MEGHALAYA,KHARIF,SOYBEAN,,,,,,SOWING,SOWING,,EARLY,BEGINNING,,
ODISHA,KHARIF,SOYBEAN,,,,,,MIDDLE,MIDDLE,,EARLY,MIDDLE,,
RAJASTHAN,KHARIF,SOYBEAN,,,,,,EARLY,MIDDLE,,EARLY,BEGINNING,,
UTTAR PRADESH,KHARIF,SOYBEAN,,,,,,EARLY,MIDDLE,,EARLY,BEGINNING,,
ASSAM,RABI,LENTIL,,,MIDDLE,MIDDLE,,,,,,MIDDLE,MIDDLE,
BIHAR,RABI,LENTIL,,,MIDDLE,MIDDLE,,,,,,MIDDLE,MIDDLE,
CHHATTISGARH,RABI,LENTIL,,,MIDDLE,MIDDLE,,,,,,MIDDLE,MIDDLE,
GOA,RABI,LENTIL,EARLY,,BEGINNING,HARVEST,EARLY,,,,,,,BEGINNING
GUJARAT,RABI,LENTIL,,,MIDDLE,MIDDLE,,,,,,MIDDLE,MIDDLE,
HARYANA,RABI,LENTIL,,,MIDDLE,MIDDLE,,,,,,MIDDLE,MIDDLE,
JHARKHAND,RABI,LENTIL,,,MIDDLE,MIDDLE,,,,,,EARLY,MIDDLE,
MADHYA PRADESH,RABI,LENTIL,,,BEGINNING,MIDDLE,,,,,BEGINNING,EARLY,,
MEGHALAYA,RABI,LENTIL,,BEGINNING,MIDDLE,,,,,,,MIDDLE,MIDDLE,
PUNJAB,RABI,LENTIL,,,MIDDLE,MIDDLE,,,,,,EARLY,MIDDLE,
RAJASTHAN,RABI,LENTIL,,,BEGINNING,MIDDLE,,,,,,EARLY,BEGINNING,
TRIPURA,RABI,LENTIL,,,BEGINNING,MIDDLE,,,,,,MIDDLE,MIDDLE ,
UTTAR PRADESH,RABI,LENTIL,,,MIDDLE,MIDDLE,,,,,,MIDDLE ,MIDDLE ,
WEST BENGAL,RABI,LENTIL,,,MIDDLE ,MIDDLE ,,,,,,,,
ANDHRA PRADESH,ALL YEAR,LEMON,,,,,,,,,,HARVEST,HARVEST,HARVEST
ARUNACHAL PRADESH,ALL YEAR,LEMON,HARVEST,HARVEST,HARVEST,HARVEST,HARVEST,HARVEST,HARVEST,HARVEST,HARVEST,HARVEST,HARVEST,HARVEST
ASSAM,ALL YEAR,LEMON,,,,,,HARVEST,HARVEST,HARVEST,HARVEST,,,
CHHATTISGARH,ALL YEAR,LEMON,,,HARVEST,HARVEST,,,HARVEST,HARVEST,,,,
GUJARAT,ALL YEAR,LEMON,,,,,,,,,HARVEST,HARVEST,,
HARYANA,ALL YEAR,LEMON,,,,,,,,,,,,HARVEST
HIMACHAL PRADESH,ALL YEAR,LEMON,HARVEST,,,,,,,,,,HARVEST,HARVEST
JHARKHAND,ALL YEAR,LEMON,,,,,,,,,HARVEST,HARVEST,HARVEST,HARVEST
KARNATAKA,ALL YEAR,LEMON,,,,,,,HARVEST,HARVEST,HARVEST,,,
MADHYA PRADESH,ALL YEAR,LEMON,,,,,,,HARVEST,HARVEST,HARVEST,,,
MAHARASHTRA,ALL YEAR,LEMON,,,HARVEST,HARVEST,,,,,,,,
MANIPUR,ALL YEAR,LEMON,,,,,,,,,,,,HARVEST
MIZORAM,ALL YEAR,LEMON,,,,,,,,HARVEST,,,,
ODISHA,ALL YEAR,LEMON,,,,,,,,HARVEST,HARVEST,,,
PUDUCHERRY,ALL YEAR,LEMON,HARVEST,,,,,,,,,,,
PUNJAB,ALL YEAR,LEMON,HARVEST,HARVEST,HARVEST,HARVEST,HARVEST,HARVEST,HARVEST,HARVEST,HARVEST,HARVEST,HARVEST,HARVEST
RAJASTHAN,ALL YEAR,LEMON,,,,,,,,HARVEST,,,,
TAMIL NADU,ALL YEAR,LEMON,,HARVEST,HARVEST,,,,,,,,,
TRIPURA,ALL YEAR,LEMON,,,,,,HARVEST,HARVEST,,,,,
UTTAR PRADESH,ALL YEAR,LEMON,,,,,,,,,,,,HARVEST
UTTARAKHAND,ALL YEAR,LEMON,,,,,HARVEST,HARVEST,HARVEST,,,,HARVEST,HARVEST
WEST BENGAL,ALL YEAR,LEMON,,,,,,,,,HARVEST,,,
ANDHRA PRADESH,RABI,LINSEED,,EARLY,EARLY,,,,,,,"BEGINNING, EARLY",,
ASSAM,RABI,LINSEED,,,BEGINNING,BEGINNING,,,,,,BEGINNING,BEGINNING,
BIHAR,RABI,LINSEED,,,MIDDLE,EARLY,,,,,,,EARLY,
CHHATTISGARH,RABI,LINSEED,,,"BEGINNING, EARLY",,,,,,,,BEGINNING,BEGINNING
HIMACHAL PRADESH,RABI,LINSEED,,,,EARLY,MIDDLE,,,,,BEGINNING,BEGINNING,
JHARKHAND,RABI,LINSEED,,,BEGINNING,EARLY,,,,,,BEGINNING,BEGINNING,
KARNATAKA,RABI,LINSEED,,BEGINNING,BEGINNING,,,,,,,BEGINNING,BEGINNING,
MADHYA PRADESH,RABI,LINSEED,,,,"BEGINNING, EARLY",,,,,,,BEGINNING,BEGINNING
MAHARASHTRA,RABI,LINSEED,,,EARLY,BEGINNING,,,,,,EARLY,MIDDLE,
NAGALAND,RABI,LINSEED,,,,EARLY,BEGINNING,,,,,BEGINNING,BEGINNING,
ODISHA,RABI,LINSEED,,,EARLY,,,,,,,BEGINNING,,
PUNJAB,RABI,LINSEED,,,,EARLY,MIDDLE,,,,,MIDDLE,MIDDLE,
RAJASTHAN,RABI,LINSEED,,,,EARLY,EARLY,,,,,BEGINNING,BEGINNING,
UTTAR PRADESH,RABI,LINSEED,,,,EARLY,,,,,,MIDDLE,MIDDLE,
WEST BENGAL,RABI,LINSEED,,,BEGINNING,MIDDLE,,,,,,BEGINNING,BEGINNING,
ANDHRA PRADESH,RABI,MAIZE,,EARLY,HARVEST,HARVEST,BEGINNING,,,,,EARLY,SOWING,SOWING
ANDHRA PRADESH,KHARIF,MAIZE,,,,,,MIDDLE,MIDDLE,,MIDDLE,EARLY,,
BIHAR,KHARIF,MAIZE,,,,,,MIDDLE,BEGINNING,,,MIDDLE,MIDDLE,
BIHAR,SUMMER,MAIZE,,"BEGINNING, EARLY",,,"BEGINNING, EARLY",,,,,,,
GUJARAT,RABI,MAIZE,,MIDDLE,EARLY,,,,,,,MIDDLE,EARLY,
GUJARAT,KHARIF,MAIZE,,,,,,EARLY,BEGINNING,,BEGINNING,HARVEST,BEGINNING,
HARYANA,SUMMER,MAIZE,,BEGINNING,EARLY,,BEGINNING,EARLY,,,,,,
HARYANA,KHARIF,MAIZE,,,,,,,MIDDLE,,,"MIDDLE , EARLY",,
HIMACHAL PRADESH,KHARIF,MAIZE,,,,,MIDDLE,EARLY,,,MIDDLE,MIDDLE,,
KARNATAKA,KHARIF,MAIZE,,,,,MIDDLE,EARLY,,,BEGINNING,EARLY,,
KARNATAKA,RABI,MAIZE,,EARLY,EARLY,,,,,,,EARLY,,
KERALA,KHARIF,MAIZE,,,,,,MIDDLE,MIDDLE,,EARLY,MIDDLE,,
MADHYA PRADESH,KHARIF,MAIZE,,,,,,MIDDLE,EARLY,,MIDDLE,HARVEST,EARLY,
MADHYA PRADESH,RABI,MAIZE,,,EARLY,HARVEST,EARLY,,,,,MIDDLE,SOWING,MIDDLE
ODISHA,KHARIF,MAIZE,,,,,,SOWING,SOWING,,HARVEST,HARVEST,,
PUNJAB,SUMMER,MAIZE,,BEGINNING,EARLY,BEGINNING,EARLY,,,,,,,
PUNJAB,KHARIF,MAIZE,,,,,BEGINNING,EARLY,,,BEGINNING,EARLY,,
RAJASTHAN,RABI,MAIZE,,,EARLY,HARVEST,EARLY,,,,,MIDDLE,SOWING,MIDDLE
RAJASTHAN,KHARIF,MAIZE,,,,,,EARLY,MIDDLE,,,BEGINNING,MIDDLE,
TAMIL NADU,SUMMER,MAIZE,,EARLY,,,EARLY,,,,,,,
TAMIL NADU,RABI,MAIZE,,,,,,,,,EARLY,MIDDLE,,
TAMIL NADU,KHARIF,MAIZE,,,,,,EARLY,MIDDLE,,,,,
TELANGANA,RABI,MAIZE,,EARLY,HARVEST,HARVEST,EARLY,,,,,EARLY,SOWING,SOWING
TELANGANA,KHARIF,MAIZE,,,,,,MIDDLE,MIDDLE,,MIDDLE,EARLY,,
UTTAR PRADESH,SUMMER,MAIZE,,BEGINNING,EARLY,,EARLY,,,,,,,
UTTAR PRADESH,KHARIF,MAIZE,,,,,,MIDDLE,MIDDLE,,MIDDLE,MIDDLE,,
UTTAR PRADESH,RABI,MAIZE,,,EARLY,HARVEST,EARLY,,,,,MIDDLE,MIDDLE,
WEST BENGAL,SUMMER,MAIZE,,BEGINNING,,,EARLY,,,,,,,
WEST BENGAL,KHARIF,MAIZE,,,,,EARLY,EARLY,,,MIDDLE,MIDDLE,,
WEST BENGAL,RABI,MAIZE,,,EARLY,,,,,,,,EARLY,
ANDHRA PRADESH,ALL YEAR,MANGO,,,,HARVEST,HARVEST,,,,,,,
ASSAM,ALL YEAR,MANGO,,,,,,HARVEST,HARVEST,HARVEST,,,,
BIHAR,ALL YEAR,MANGO,,,,,,HARVEST,HARVEST,,,,,
CHHATTISGARH,ALL YEAR,MANGO,,,,HARVEST,HARVEST,HARVEST,,,,,,
GUJARAT,ALL YEAR,MANGO,,,,,HARVEST,,,,,,,
HARYANA,ALL YEAR,MANGO,,,,,,,HARVEST,,,,,
HIMACHAL PRADESH,ALL YEAR,MANGO,,,,,,,HARVEST,,,,,
JHARKHAND,ALL YEAR,MANGO,,,,,HARVEST,HARVEST,,,,,,
KARNATAKA,ALL YEAR,MANGO,,,,HARVEST,HARVEST,HARVEST,,,,,,
KERALA,ALL YEAR,MANGO,,HARVEST,HARVEST,,,,,,,,,
MADHYA PRADESH,ALL YEAR,MANGO,,,,,HARVEST,HARVEST,,,,,,
MAHARASHTRA,ALL YEAR,MANGO,,,,HARVEST,HARVEST,,,,,,,
MIZORAM,ALL YEAR,MANGO,,,,,,,HARVEST,,,,,
NAGALAND,ALL YEAR,MANGO,,,,,,,HARVEST,,,,,
ODISHA,ALL YEAR,MANGO,,,,HARVEST,HARVEST,HARVEST,,,,,,
PUDUCHERRY,ALL YEAR,MANGO,,,,,,HARVEST,HARVEST,,,,,
PUNJAB,ALL YEAR,MANGO,,,,,,HARVEST,,,,,,
RAJASTHAN,ALL YEAR,MANGO,,,,,,HARVEST,,,,,,
SIKKIM,ALL YEAR,MANGO,,,,,,HARVEST,,,,,,
TAMIL NADU,ALL YEAR,MANGO,,,,,HARVEST,HARVEST,,,,,,
TRIPURA,ALL YEAR,MANGO,,,,,,HARVEST,,,,,,
UTTAR PRADESH,ALL YEAR,MANGO,,,,,,HARVEST,,,,,,
UTTARAKHAND,ALL YEAR,MANGO,,,,,,HARVEST,HARVEST,HARVEST,,,,
WEST BENGAL,ALL YEAR,MANGO,,,,,,HARVEST,HARVEST,,,,,
ANDHRA PRADESH,SUMMER,MOONG,BEGINNING,BEGINNING,BEGINNING,MIDDLE,,,,,,,,
ANDHRA PRADESH,RABI,MOONG,BEGINNING,BEGINNING,,,,,,,,BEGINNING,BEGINNING,
ANDHRA PRADESH,KHARIF,MOONG,,,,,,MIDDLE,EARLY,,MIDDLE,MIDDLE,,
ASSAM,RABI,MOONG,,,,,,,,BEGINNING,MIDDLE,,BEGINNING,MIDDLE
ASSAM,SUMMER,MOONG,,EARLY,MIDDLE,,HARVEST,,,,,,,
ASSAM,KHARIF,MOONG,,,,,,,BEGINNING,MIDDLE,EARLY,MIDDLE,,
BIHAR,KHARIF,MOONG,,,,,,,BEGINNING,MIDDLE,EARLY,MIDDLE ,,
BIHAR,SUMMER,MOONG,,EARLY,SOWING,BEGINNING,BEGINNING,MIDDLE,,,,,,
CHHATTISGARH,KHARIF,MOONG,,,,,,SOWING,SOWING,,HARVEST,,,
GUJARAT,KHARIF,MOONG,,,,,,,BEGINNING,EARLY,MIDDLE,EARLY,,
HARYANA,KHARIF,MOONG,,,,,,,BEGINNING,EARLY,MIDDLE,EARLY,,
HARYANA,SUMMER,MOONG,,EARLY,SOWING,BEGINNING,BEGINNING,MIDDLE,,,,,,
HIMACHAL PRADESH,KHARIF,MOONG,,,,,,BEGINNING,SOWING,EARLY,MIDDLE,EARLY,,
JHARKHAND,KHARIF,MOONG,,,,,,,BEGINNING,EARLY,MIDDLE,EARLY,,
JHARKHAND,SUMMER,MOONG,,EARLY,SOWING,BEGINNING,BEGINNING,MIDDLE,,,,,,
KARNATAKA,KHARIF,MOONG,,,,,,MIDDLE,EARLY,,MIDDLE,MIDDLE,,
KARNATAKA,SUMMER,MOONG,BEGINNING,BEGINNING,BEGINNING,MIDDLE,,,,,,BEGINNING,BEGINNING,
KARNATAKA,RABI,MOONG,BEGINNING,BEGINNING,,,,,,,,,,
KERALA,KHARIF,MOONG,BEGINNING,BEGINNING,BEGINNING,MIDDLE,,,,,,,,
MADHYA PRADESH,KHARIF,MOONG,,,,,,MIDDLE,EARLY,,MIDDLE,MIDDLE,,
MAHARASHTRA,KHARIF,MOONG,,,,,,MIDDLE,EARLY,,MIDDLE ,MIDDLE,,
ODISHA,KHARIF,MOONG,,,,,,MIDDLE ,EARLY,,MIDDLE ,MIDDLE,,
ODISHA,RABI,MOONG,BEGINNING,BEGINNING,,,,,,,,BEGINNING,BEGINNING,
ODISHA,SUMMER,MOONG,BEGINNING,BEGINNING,BEGINNING,BEGINNING,,,,,,,,
PUNJAB,KHARIF,MOONG,,,,,,,BEGINNING,EARLY,MIDDLE,EARLY,,
PUNJAB,SUMMER,MOONG,,EARLY,MIDDLE,,HARVEST,,,,,,,
TAMIL NADU,KHARIF,MOONG,,,,,,MIDDLE,EARLY,,MIDDLE,MIDDLE,,
TAMIL NADU,SUMMER,MOONG,,EARLY,BEGINNING,,BEGINNING,MIDDLE,,,,,,
TAMIL NADU,RABI,MOONG,BEGINNING,BEGINNING,,,,,,,,BEGINNING,BEGINNING,
TRIPURA,SUMMER,MOONG,,EARLY,SOWING,BEGINNING,BEGINNING,MIDDLE,,,,,,
TRIPURA,KHARIF,MOONG,,,,,,,BEGINNING,EARLY,MIDDLE,EARLY,,
UTTAR PRADESH,KHARIF,MOONG,,,,,,,BEGINNING,EARLY,MIDDLE ,EARLY,,
UTTAR PRADESH,SUMMER,MOONG,,EARLY,SOWING,BEGINNING,BEGINNING,MIDDLE,,,,,,
WEST BENGAL,KHARIF,MOONG,,,,,,,BEGINNING,EARLY,MIDDLE,EARLY,,
WEST BENGAL,SUMMER,MOONG,,EARLY,SOWING,BEGINNING,BEGINNING,MIDDLE ,,,,,,
ANDHRA PRADESH,KHARIF,NIGERSEED,,,,,,BEGINNING,SOWING,SOWING,BEGINNING,LATE,HARVEST,BEGINNING
BIHAR,KHARIF,NIGERSEED,,,,,,BEGINNING,SOWING,SOWING,BEGINNING,LATE,HARVEST,MIDDLE
CHHATTISGARH,KHARIF,NIGERSEED,,,,,,MIDDLE,EARLY,,,LATE,LATE,
GUJARAT,KHARIF,NIGERSEED,,,,,,BEGINNING,SOWING,SOWING,BEGINNING,MIDDLE,HARVEST,BEGINNING
JHARKHAND,KHARIF,NIGERSEED,,,,,,BEGINNING,SOWING,SOWING,BEGINNING,LATE,HARVEST,MIDDLE
KARNATAKA,KHARIF,NIGERSEED,,,,,,BEGINNING,SOWING,SOWING,BEGINNING,MIDDLE,HARVEST,BEGINNING
MADHYA PRADESH,KHARIF,NIGERSEED,,,,,,MIDDLE,SOWING,SOWING,BEGINNING,LATE,HARVEST,BEGINNING
MAHARASHTRA,KHARIF,NIGERSEED,,,,,,BEGINNING,SOWING,SOWING,BEGINNING,MIDDLE,HARVEST,EARLY
ODISHA,KHARIF,NIGERSEED,,,,,,BEGINNING,SOWING,SOWING,BEGINNING,LATE,HARVEST,BEGINNING
ANDHRA PRADESH,ALL YEAR,ONION,,,,HARVEST,,HARVEST,,,HARVEST,HARVEST,HARVEST,
ASSAM,ALL YEAR,ONION,HARVEST,HARVEST,,,,,,,,,,HARVEST
BIHAR,ALL YEAR,ONION,,,HARVEST,HARVEST,,,,,,,,
CHHATTISGARH,ALL YEAR,ONION,,,HARVEST,HARVEST,,,,,,,,
GUJARAT,ALL YEAR,ONION,,HARVEST,,,,,,,,,,
HARYANA,ALL YEAR,ONION,,,,HARVEST,,,,,,,,HARVEST
HIMACHAL PRADESH,ALL YEAR,ONION,,,,,HARVEST,HARVEST,,,,,,
JHARKHAND,ALL YEAR,ONION,,,HARVEST,HARVEST,,,,,,,,
KARNATAKA,ALL YEAR,ONION,,,,HARVEST,HARVEST,HARVEST,,,HARVEST,HARVEST,,
MADHYA PRADESH,ALL YEAR,ONION,,,HARVEST,HARVEST,,,,,,,,
MAHARASHTRA,ALL YEAR,ONION,,,,HARVEST,,,,,,,,
MEGHALAYA,ALL YEAR,ONION,,,,,,,,,,,,HARVEST
MIZORAM,ALL YEAR,ONION,,,HARVEST,,,,,,,,,
NAGALAND,ALL YEAR,ONION,,,,,,,,,,HARVEST,,
ODISHA,ALL YEAR,ONION,,HARVEST,HARVEST,HARVEST,,,,,,,,
PUDUCHERRY,ALL YEAR,ONION,,,,HARVEST,,,,,,,HARVEST,
PUNJAB,ALL YEAR,ONION,,,,HARVEST,,,,,,,,
RAJASTHAN,ALL YEAR,ONION,,,,HARVEST,,,,,,,HARVEST,
SIKKIM,ALL YEAR,ONION,,HARVEST,HARVEST,,,,,,,,,
TAMIL NADU,ALL YEAR,ONION,,,,,,,,HARVEST,,,HARVEST,
UTTAR PRADESH,ALL YEAR,ONION,,,HARVEST,,,,,,,,,
UTTARAKHAND,ALL YEAR,ONION,,,,,HARVEST,,,,,,,
WEST BENGAL,ALL YEAR,ONION,,,,HARVEST,,,,,,,,
ANDHRA PRADESH,RABI,RICE,,,HARVEST,HARVEST,,,,,,,SOWING,SOWING
ANDHRA PRADESH,KHARIF,RICE,,,,,SOWING,SOWING,,,,,HARVEST,HARVEST
ANDHRA PRADESH,SUMMER,RICE,,,SOWING,SOWING,,,HARVEST,HARVEST,,,,
ASSAM,KHARIF,RICE,,SOWING,SOWING,,,HARVEST,HARVEST,,,,,
ASSAM,RABI,RICE,,,,,,SOWING,SOWING,,,,HARVEST,HARVEST
ASSAM,SUMMER,RICE,,,,,HARVEST,HARVEST,,,,,SOWING,SOWING
BIHAR,RABI,RICE,,,,HARVEST,HARVEST,,,,,SOWING,SOWING,
BIHAR,KHARIF,RICE,,,,,,SOWING,SOWING,SOWING,HARVEST,HARVEST,HARVEST,
BIHAR,SUMMER,RICE,,SOWING,SOWING,,,,HARVEST,HARVEST,,,,
GOA,KHARIF,RICE,,,,,SOWING,SOWING,,,HARVEST,HARVEST,,
GUJARAT,KHARIF,RICE,,,,,,SOWING,SOWING,,,HARVEST,HARVEST,
HIMACHAL PRADESH,KHARIF,RICE,,,,,SOWING,SOWING,,,,HARVEST,,
KARNATAKA,RABI,RICE,HARVEST,HARVEST,,,,,,,SOWING,SOWING,,
KARNATAKA,KHARIF,RICE,,,,,SOWING,SOWING,,,HARVEST,HARVEST,,
KARNATAKA,SUMMER,RICE,SOWING,SOWING,,,HARVEST,HARVEST,,,,,,
KERALA,SUMMER,RICE,SOWING,,,HARVEST,HARVEST,,,,,,,SOWING
KERALA,KHARIF,RICE,,,,SOWING,SOWING,,,,HARVEST,HARVEST,,
KERALA,RABI,RICE,HARVEST,,,,,,,,SOWING,SOWING,,
MADHYA PRADESH,KHARIF,RICE,,,,,,SOWING,SOWING,,,HARVEST,HARVEST,
MAHARASHTRA,KHARIF,RICE,,,,,,SOWING,SOWING,,,HARVEST,HARVEST,
ODISHA,KHARIF,RICE,,,,,SOWING,SOWING,,,HARVEST,HARVEST,,
ODISHA,RABI,RICE,,,,,,SOWING,SOWING,,,,HARVEST,HARVEST
ODISHA,SUMMER,RICE,SOWING,,,HARVEST,HARVEST,,,,,,,SOWING
PUNJAB,KHARIF,RICE,,,,,SOWING,SOWING,SOWING,,,HARVEST,HARVEST,
RAJASTHAN,KHARIF,RICE,,,,,,SOWING,SOWING,,,HARVEST,HARVEST,
TAMIL NADU,RABI,RICE,HARVEST,HARVEST,,,,,,,SOWING,SOWING,,
TAMIL NADU,SUMMER,RICE,SOWING,SOWING,,,HARVEST,HARVEST,,,,,,
TAMIL NADU,KHARIF,RICE,,,,,SOWING,SOWING,,,HARVEST,HARVEST,,
TELANGANA,KHARIF,RICE,,,,,,SOWING,SOWING,,,,HARVEST,HARVEST
TELANGANA,RABI,RICE,,,HARVEST,HARVEST,,,,,,,SOWING,SOWING
UTTAR PRADESH,RABI,RICE,,,,HARVEST,HARVEST,,,,,,SOWING,SOWING
UTTAR PRADESH,KHARIF,RICE,,,,,,SOWING,SOWING,,,HARVEST,HARVEST,
WEST BENGAL,KHARIF,RICE,,,,SOWING,SOWING,SOWING,SOWING,HARVEST,HARVEST,HARVEST,HARVEST,
WEST BENGAL,SUMMER,RICE,,,,HARVEST,HARVEST,,,,,,SOWING,SOWING
ASSAM,RABI,PEAS,,,MIDDLE,MIDDLE,,,,,,MIDDLE,MIDDLE,
BIHAR,RABI,PEAS,,,MIDDLE,MIDDLE,,,,,,MIDDLE ,MIDDLE,
CHHATTISGARH,RABI,PEAS,,,MIDDLE,MIDDLE,,,,,,MIDDLE ,MIDDLE,
GUJARAT,RABI,PEAS,,,MIDDLE,MIDDLE,,,,,,MIDDLE ,MIDDLE,
HARYANA,RABI,PEAS,,,MIDDLE,MIDDLE,,,,,,MIDDLE ,MIDDLE,
JHARKHAND,RABI,PEAS,,,MIDDLE,MIDDLE,,,,,,MIDDLE ,MIDDLE,
MADHYA PRADESH,RABI,PEAS,,,MIDDLE,MIDDLE,,,,,,MIDDLE ,MIDDLE,
PUNJAB,RABI,PEAS,,,MIDDLE,MIDDLE,,,,,,MIDDLE ,MIDDLE,
RAJASTHAN,RABI,PEAS,,,MIDDLE,MIDDLE,,,,,,MIDDLE ,MIDDLE ,
TRIPURA,RABI,PEAS,,,MIDDLE,MIDDLE,,,,,,MIDDLE ,MIDDLE ,
UTTAR PRADESH,RABI,PEAS,,,MIDDLE,MIDDLE,,,,,,MIDDLE ,MIDDLE ,
WEST BENGAL,RABI,PEAS,,,MIDDLE,MIDDLE,,,,,,MIDDLE ,MIDDLE ,
ANDHRA PRADESH,ALL YEAR,POTATO,,,,HARVEST,HARVEST,HARVEST,,,,,,
ASSAM,ALL YEAR,POTATO,HARVEST,,,,,,,,,,,
BIHAR,ALL YEAR,POTATO,HARVEST,HARVEST,,,,,,,,,,
CHHATTISGARH,ALL YEAR,POTATO,HARVEST,HARVEST,HARVEST,,,,,,,,,
GUJARAT,ALL YEAR,POTATO,HARVEST,,,,,,,,,,,
HARYANA,ALL YEAR,POTATO,,HARVEST,HARVEST,,,,,,,,,
HIMACHAL PRADESH,ALL YEAR,POTATO,,,,,HARVEST,HARVEST,,HARVEST,HARVEST,HARVEST,HARVEST,
JHARKHAND,ALL YEAR,POTATO,HARVEST,HARVEST,,,,,,,,,,HARVEST
KARNATAKA,ALL YEAR,POTATO,,HARVEST,HARVEST,,,,,,HARVEST,HARVEST,,
MADHYA PRADESH,ALL YEAR,POTATO,,HARVEST,HARVEST,,,,,,,,,
MAHARASHTRA,ALL YEAR,POTATO,,,HARVEST,HARVEST,HARVEST,,,,,,,
MANIPUR,ALL YEAR,POTATO,HARVEST,,,,,,,,,,,HARVEST
MEGHALAYA,ALL YEAR,POTATO,,,,HARVEST,,,,,,,,
MIZORAM,ALL YEAR,POTATO,,,,,,,,,HARVEST,,,
NAGALAND,ALL YEAR,POTATO,,HARVEST,HARVEST,,,,,,,,,
ODISHA,ALL YEAR,POTATO,,HARVEST,,,,,,,,,,
PUDUCHERRY,ALL YEAR,POTATO,,,,HARVEST,,,HARVEST,,,,,
PUNJAB,ALL YEAR,POTATO,HARVEST,,,,,,,,,,,HARVEST
RAJASTHAN,ALL YEAR,POTATO,HARVEST,HARVEST,,,,,,,,,,
SIKKIM,ALL YEAR,POTATO,,,,,,HARVEST,HARVEST,HARVEST,,,,
TAMIL NADU,ALL YEAR,POTATO,HARVEST,HARVEST,HARVEST,HARVEST,HARVEST,HARVEST,HARVEST,HARVEST,HARVEST,HARVEST,HARVEST,HARVEST
UTTAR PRADESH,ALL YEAR,POTATO,,,HARVEST,HARVEST,,,,,,,,
UTTARAKHAND,ALL YEAR,POTATO,,,,,,,HARVEST,HARVEST,,HARVEST,HARVEST,HARVEST
WEST BENGAL,ALL YEAR,POTATO,,,HARVEST,,,,,,,,,
ANDHRA PRADESH,RABI,RAPESEED AND MUSTARD,,HARVEST,HARVEST,,,,,,,,LATE,EARLY
ASSAM,RABI,RAPESEED AND MUSTARD,,HARVEST,HARVEST,,,,,,,,LATE,EARLY
BIHAR,RABI,RAPESEED AND MUSTARD,HARVEST,HARVEST,HARVEST,,,,,,LATE,SOWING,LATE,
CHHATTISGARH,RABI,RAPESEED AND MUSTARD,HARVEST,,HARVEST,,,,,,LATE,SOWING,EARLY,HARVEST
DELHI (NATIONAL CAPITAL TERRITORY OF DELHI),RABI,RAPESEED AND MUSTARD,HARVEST,HARVEST,HARVEST,,,,,,LATE,SOWING,EARLY,
GUJARAT,RABI,RAPESEED AND MUSTARD,,HARVEST,HARVEST,,,,,,,LATE,,
HARYANA,RABI,RAPESEED AND MUSTARD,HARVEST,HARVEST,HARVEST,,,,,,LATE,SOWING,EARLY,HARVEST
HIMACHAL PRADESH,RABI,RAPESEED AND MUSTARD,,,HARVEST,HARVEST,,,,,,LATE,LATE,
JHARKHAND,RABI,RAPESEED AND MUSTARD,,HARVEST,HARVEST,,,,,,,SOWING,,
KARNATAKA,RABI,RAPESEED AND MUSTARD,,HARVEST,,,,,,,,SOWING,,
MADHYA PRADESH,RABI,RAPESEED AND MUSTARD,HARVEST,HARVEST,HARVEST,,,,,,LATE,EARLY,,HARVEST
MAHARASHTRA,RABI,RAPESEED AND MUSTARD,,HARVEST,HARVEST,,,,,,,LATE,EARLY,
MANIPUR,RABI,RAPESEED AND MUSTARD,,HARVEST,HARVEST,,,,,,,EARLY,EARLY,
ODISHA,RABI,RAPESEED AND MUSTARD,,HARVEST,HARVEST,,,,,,,LATE,LATE,
PUNJAB,RABI,RAPESEED AND MUSTARD,HARVEST,,HARVEST,HARVEST,,,,,LATE,SOWING,EARLY,HARVEST
RAJASTHAN,RABI,RAPESEED AND MUSTARD,,HARVEST,HARVEST,,,,,,LATE,SOWING,EARLY,
UTTAR PRADESH,RABI,RAPESEED AND MUSTARD,HARVEST,HARVEST,HARVEST,,,,,,LATE,EARLY,,HARVEST
UTTARAKHAND,RABI,RAPESEED AND MUSTARD,HARVEST,,HARVEST,,,,,,LATE,SOWING,LATE,HARVEST
WEST BENGAL,RABI,RAPESEED AND MUSTARD,,HARVEST,HARVEST,,,,,,,BEGINNING,EARLY,
ANDHRA PRADESH,RABI,SUNFLOWER,,HARVEST,,,,,,,,SOWING,,
KERALA,RABI,SUNFLOWER,,HARVEST,,,,,,,,SOWING,,
MAHARASHTRA,RABI,SUNFLOWER,,HARVEST,,,,,,,SOWING,SOWING,,
TELANGANA,RABI,SUNFLOWER,HARVEST,HARVEST,,,,,,,,SOWING,,
ANDHRA PRADESH,KHARIF,SESAMUM,,,,,,MIDDLE,MIDDLE,,,MIDDLE,MIDDLE,
ANDHRA PRADESH,RABI,SESAMUM,,,,,,,,BEGINNING,MIDDLE,,,EARLY
ANDHRA PRADESH,SUMMER,SESAMUM,,EARLY,,MIDDLE,EARLY,,,,,,,
GUJARAT,SUMMER,SESAMUM,,SOWING,SOWING,,HARVEST,HARVEST,,,,,,
GUJARAT,KHARIF,SESAMUM,,,,,,MIDDLE,MIDDLE,,,HARVEST,HARVEST,
KARNATAKA,KHARIF,SESAMUM,,,,,,MIDDLE,MIDDLE,,,MIDDLE,MIDDLE,
KERALA,SUMMER,SESAMUM,,EARLY,,MIDDLE,EARLY,,,,,,,
KERALA,KHARIF,SESAMUM,,,,,,MIDDLE,MIDDLE,,,MIDDLE,MIDDLE,
MADHYA PRADESH,KHARIF,SESAMUM,,,,,,MIDDLE,MIDDLE,,,MIDDLE,MIDDLE,
MADHYA PRADESH,RABI,SESAMUM,,,,,,,,BEGINNING,MIDDLE,,,EARLY
MAHARASHTRA,SUMMER,SESAMUM,EARLY,,MIDDLE,EARLY,,,,,,,,
MAHARASHTRA,KHARIF,SESAMUM,,,,,,MIDDLE,MIDDLE,,,MIDDLE,MIDDLE,
MAHARASHTRA,RABI,SESAMUM,,,,,,,,BEGINNING,MIDDLE,,,EARLY
ODISHA,SUMMER,SESAMUM,,EARLY,,,MIDDLE,MIDDLE,,,,,,
ODISHA,KHARIF,SESAMUM,,,,,,BEGINNING,EARLY,,,MIDDLE,MIDDLE,
ODISHA,RABI,SESAMUM,,MIDDLE ,EARLY,,,,,,,BEGINNING,MIDDLE,
RAJASTHAN,KHARIF,SESAMUM,,,,,,BEGINNING,EARLY,,,MIDDLE,MIDDLE,
TAMIL NADU,SUMMER,SESAMUM,,SOWING,,,MIDDLE,MIDDLE,,,,,,
TAMIL NADU,KHARIF,SESAMUM,,,,,,SOWING,SOWING,,,HARVEST,HARVEST,
TAMIL NADU,RABI,SESAMUM,,MIDDLE,EARLY,,,,,BEGINNING,MIDDLE,BEGINNING,MIDDLE,EARLY
TELANGANA,KHARIF,SESAMUM,,,,,,MIDDLE,MIDDLE,,,LATE,EARLY,
TELANGANA,SUMMER,SESAMUM,,,,EARLY,EARLY,,,,,,,
TELANGANA,RABI,SESAMUM,,LATE,MIDDLE,,,,,,,,,
UTTAR PRADESH,KHARIF,SESAMUM,,,,,,BEGINNING,EARLY,,,MIDDLE,MIDDLE,
UTTAR PRADESH,SUMMER,SESAMUM,,SOWING,SOWING,,MIDDLE,MIDDLE,,,,,,
WEST BENGAL,SUMMER,SESAMUM,,MIDDLE,MIDDLE,,MIDDLE,MIDDLE,,,,,,
ANDHRA PRADESH,RABI,SUGARCANE,HARVEST,HARVEST,HARVEST,HARVEST,MIDDLE,MIDDLE,,,,,,EARLY
ANDHRA PRADESH,RABI,SUGARCANE,SOWING,SOWING,SOWING,SOWING,SOWING,MIDDLE,,,,,,EARLY
ASSAM,RABI,SUGARCANE,EARLY,,BEGINNING,EARLY,,,,,,,,BEGINNING
BIHAR,KHARIF,SUGARCANE,,,,,,,,,,BEGINNING,EARLY,EARLY
BIHAR,KHARIF,SUGARCANE,,,,,,,,,,BEGINNING,HARVEST,EARLY
BIHAR,RABI,SUGARCANE,HARVEST,BEGINNING,EARLY,,,,,,,,BEGINNING,HARVEST
BIHAR,RABI,SUGARCANE,HARVEST,EARLY,EARLY,,,,,,,,BEGINNING,HARVEST
HARYANA,RABI,SUGARCANE,HARVEST,MIDDLE,MIDDLE,,,,,,,,,MIDDLE
HARYANA,RABI,SUGARCANE,HARVEST,HARVEST,EARLY,,,,,,,,,MIDDLE 
KARNATAKA,RABI,SUGARCANE,HARVEST,HARVEST,EARLY,HARVEST,EARLY,,,BEGINNING,HARVEST,HARVEST,HARVEST,BEGINNING
KARNATAKA,RABI,SUGARCANE,SOWING,SOWING,HARVEST,HARVEST,EARLY,,,BEGINNING,HARVEST,HARVEST,HARVEST,HARVEST
KERALA,RABI,SUGARCANE,EARLY,,,,,,,,,,,BEGINNING
KERALA,RABI,SUGARCANE,EARLY,,,,,,,,,,,BEGINNING
MADHYA PRADESH,KHARIF,SUGARCANE,HARVEST,HARVEST,EARLY,EARLY,,,,,,BEGINNING,HARVEST,HARVEST
MADHYA PRADESH,KHARIF,SUGARCANE,SOWING,SOWING,SOWING,EARLY,,,,,,EARLY,SOWING,SOWING
MAHARASHTRA,KHARIF,SUGARCANE,,,,,,,BEGINNING,BEGINNING,,BEGINNING,EARLY,
ODISHA,RABI,SUGARCANE,HARVEST,SOWING,SOWING,SOWING,SOWING,,,,,,HARVEST,HARVEST
ODISHA,RABI,SUGARCANE,HARVEST,HARVEST,SOWING,SOWING,SOWING,,,,,,HARVEST,HARVEST
PUNJAB,RABI,SUGARCANE,HARVEST,BEGINNING,EARLY,,,,,,,,BEGINNING,HARVEST
PUNJAB,RABI,SUGARCANE,HARVEST,EARLY,EARLY,,,,,,,,BEGINNING,HARVEST
RAJASTHAN,RABI,SUGARCANE,HARVEST,HARVEST,BEGINNING,EARLY,,,,,,,,BEGINNING
RAJASTHAN,RABI,SUGARCANE,HARVEST,HARVEST,EARLY,EARLY,,,,,,,,BEGINNING
TAMIL NADU,KHARIF,SUGARCANE,,,,,BEGINNING,BEGINNING,HARVEST,EARLY,,,,
TAMIL NADU,KHARIF,SUGARCANE,,,,,BEGINNING,HARVEST,SOWING,EARLY,,,,
TAMIL NADU,RABI,SUGARCANE,EARLY,,,,,,,,,,,BEGINNING
TAMIL NADU,RABI,SUGARCANE,EARLY,,,,,,,,,,,BEGINNING
TRIPURA,RABI,SUGARCANE,HARVEST,HARVEST,HARVEST,SOWING,SOWING,,,,,,,HARVEST
TRIPURA,RABI,SUGARCANE,HARVEST,SOWING,SOWING,SOWING,SOWING,,,,,,,HARVEST
UTTAR PRADESH,KHARIF,SUGARCANE,,,,,,,,,,BEGINNING,EARLY,EARLY
UTTAR PRADESH,KHARIF,SUGARCANE,,,,,,,,,,BEGINNING,HARVEST,EARLY
UTTAR PRADESH,RABI,SUGARCANE,HARVEST,EARLY,,,,,,,,BEGINNING,EARLY,HARVEST
UTTAR PRADESH,RABI,SUGARCANE,HARVEST,EARLY,,,,,,,,BEGINNING,HARVEST,HARVEST
WEST BENGAL,KHARIF,SUGARCANE,HARVEST,HARVEST,EARLY,EARLY,,,,,,BEGINNING,HARVEST,HARVEST
WEST BENGAL,KHARIF,SUGARCANE,SOWING,SOWING,SOWING,EARLY,,,,,,BEGINNING,SOWING,SOWING
ANDHRA PRADESH,RABI,SUNFLOWER,HARVEST,,,,,,,,,,,SOWING
ANDHRA PRADESH,KHARIF,SUNFLOWER,,,,,,BEGINNING,SOWING,EARLY,HARVEST,HARVEST,HARVEST,
BIHAR,RABI,SUNFLOWER,SOWING,,,HARVEST,HARVEST,,,,,,,SOWING
HARYANA,SUMMER,SUNFLOWER,,SOWING,SOWING,,HARVEST,,,,,,,
KARNATAKA,RABI,SUNFLOWER,HARVEST,,,,,,,,,SOWING,,
KARNATAKA,SUMMER,SUNFLOWER,SOWING,,HARVEST,HARVEST,,,,,,,,SOWING
KARNATAKA,KHARIF,SUNFLOWER,,,,,,BEGINNING,SOWING,EARLY,HARVEST,HARVEST,HARVEST,
MAHARASHTRA,KHARIF,SUNFLOWER,,,,,,,BEGINNING,EARLY,,HARVEST,HARVEST,
MAHARASHTRA,RABI,SUNFLOWER,HARVEST,,,,,,,,,SOWING,,
ODISHA,SUMMER,SUNFLOWER,,SOWING,,HARVEST,HARVEST,,,,,,,
PUNJAB,SUMMER,SUNFLOWER,,SOWING,,HARVEST,HARVEST,,,,,,,
TAMIL NADU,RABI,SUNFLOWER,HARVEST,,,,,,,,,SOWING,,
TAMIL NADU,KHARIF,SUNFLOWER,,,,,,BEGINNING,SOWING,EARLY,HARVEST,HARVEST,HARVEST,
TELANGANA,KHARIF,SUNFLOWER,,,,,,BEGINNING,SOWING,EARLY,HARVEST,HARVEST,HARVEST,
WEST BENGAL,SUMMER,SUNFLOWER,,SOWING,,HARVEST,HARVEST,,,,,,,
ANDHRA PRADESH,ALL YEAR,TOMATO,HARVEST,HARVEST,HARVEST,HARVEST,HARVEST,HARVEST,HARVEST,HARVEST,HARVEST,HARVEST,HARVEST,HARVEST
ASSAM,ALL YEAR,TOMATO,HARVEST,HARVEST,,,,,,,,,,HARVEST
BIHAR,ALL YEAR,TOMATO,HARVEST,HARVEST,,,,,,,,,,
CHHATTISGARH,ALL YEAR,TOMATO,HARVEST,HARVEST,,,,,,HARVEST,HARVEST,HARVEST,HARVEST,HARVEST
GUJARAT,ALL YEAR,TOMATO,HARVEST,HARVEST,HARVEST,,,,,,,,,
HARYANA,ALL YEAR,TOMATO,,,,HARVEST,HARVEST,HARVEST,HARVEST,HARVEST,HARVEST,HARVEST,HARVEST,
HIMACHAL PRADESH,ALL YEAR,TOMATO,,,,,HARVEST,HARVEST,HARVEST,HARVEST,,,,
JHARKHAND,ALL YEAR,TOMATO,,HARVEST,,,,,,,,,,HARVEST
KARNATAKA,ALL YEAR,TOMATO,,,,,HARVEST,HARVEST,HARVEST,,,,,
MADHYA PRADESH,ALL YEAR,TOMATO,HARVEST,HARVEST,,,,,,,,HARVEST,,HARVEST
MAHARASHTRA,ALL YEAR,TOMATO,HARVEST,HARVEST,HARVEST,HARVEST,HARVEST,HARVEST,HARVEST,HARVEST,HARVEST,HARVEST,HARVEST,HARVEST
MANIPUR,ALL YEAR,TOMATO,,,,,,,HARVEST,HARVEST,,,,
MEGHALAYA,ALL YEAR,TOMATO,,,,HARVEST,,,,,,,,
MIZORAM,ALL YEAR,TOMATO,,,,,,,,HARVEST,,,,
ODISHA,ALL YEAR,TOMATO,HARVEST,HARVEST,HARVEST,,,,,,,,,
PUNJAB,ALL YEAR,TOMATO,,,,,HARVEST,,,,,,,
RAJASTHAN,ALL YEAR,TOMATO,,,,,,,,,,,HARVEST,HARVEST
SIKKIM,ALL YEAR,TOMATO,,,,,,HARVEST,HARVEST,HARVEST,HARVEST,,,
TAMIL NADU,ALL YEAR,TOMATO,HARVEST,HARVEST,HARVEST,HARVEST,HARVEST,HARVEST,HARVEST,HARVEST,HARVEST,HARVEST,HARVEST,HARVEST
UTTAR PRADESH,ALL YEAR,TOMATO,,HARVEST,,,,,,,,,,
UTTARAKHAND,ALL YEAR,TOMATO,HARVEST,,,,HARVEST,HARVEST,,,,,HARVEST,HARVEST
WEST BENGAL,ALL YEAR,TOMATO,HARVEST,HARVEST,,,,,,,,,,
ANDHRA PRADESH,KHARIF,URAD,,,,,,MIDDLE,MIDDLE,,MIDDLE,MIDDLE ,,
ANDHRA PRADESH,RABI,URAD,BEGINNING,BEGINNING,,,,,,,,BEGINNING,BEGINNING,
ANDHRA PRADESH,SUMMER,URAD,BEGINNING,BEGINNING,BEGINNING,BEGINNING,,,,,,,,
ASSAM,SUMMER,URAD,,EARLY,MIDDLE,,HARVEST,,,,,,,
ASSAM,RABI,URAD,,,,,,,,BEGINNING,MIDDLE,,BEGINNING,MIDDLE
ASSAM,KHARIF,URAD,,,,,,,BEGINNING,EARLY,MIDDLE,EARLY,,
BIHAR,KHARIF,URAD,,,,,,,BEGINNING,EARLY,MIDDLE,EARLY,,
BIHAR,SUMMER,URAD,,EARLY,SOWING,BEGINNING,BEGINNING,MIDDLE,,,,,,
CHHATTISGARH,KHARIF,URAD,,,,,,SOWING,SOWING,,HARVEST,,,
GUJARAT,KHARIF,URAD,,,,,,,BEGINNING,EARLY,MIDDLE,EARLY,,
HARYANA,KHARIF,URAD,,,,,,,BEGINNING,EARLY,MIDDLE,EARLY,,
HARYANA,SUMMER,URAD,,EARLY,SOWING,BEGINNING,BEGINNING,MIDDLE,,,,,,
HIMACHAL PRADESH,KHARIF,URAD,,,,,,BEGINNING,SOWING,EARLY,"EARLY, MIDDLE",EARLY,,
JHARKHAND,KHARIF,URAD,,,,,,,BEGINNING,EARLY,MIDDLE,EARLY,,
JHARKHAND,SUMMER,URAD,,EARLY,SOWING,BEGINNING,BEGINNING,MIDDLE,,,,,,
KARNATAKA,SUMMER,URAD,BEGINNING,BEGINNING,BEGINNING,MIDDLE,,,,,,,,
KARNATAKA,RABI,URAD,BEGINNING,BEGINNING,,,,,,,,BEGINNING,BEGINNING,
KARNATAKA,KHARIF,URAD,,,,,,MIDDLE,EARLY,,MIDDLE,MIDDLE,,
KERALA,SUMMER,URAD,BEGINNING,BEGINNING,BEGINNING,MIDDLE,,,,,,,,
MADHYA PRADESH,KHARIF,URAD,,,,,,MIDDLE,EARLY,,MIDDLE,MIDDLE,,
MAHARASHTRA,KHARIF,URAD,,,,,,MIDDLE ,EARLY,,MIDDLE ,MIDDLE ,,
ODISHA,SUMMER,URAD,BEGINNING,BEGINNING,BEGINNING,MIDDLE,,,,,,,,
ODISHA,RABI,URAD,BEGINNING,BEGINNING,,,,,,,,BEGINNING,BEGINNING,
ODISHA,KHARIF,URAD,,,,,,EARLY,MIDDLE,,MIDDLE,MIDDLE ,,
PUNJAB,SUMMER,URAD,,EARLY,MIDDLE,,HARVEST,,,,,,,
PUNJAB,KHARIF,URAD,,,,,,,BEGINNING,EARLY,MIDDLE,EARLY,,
TAMIL NADU,KHARIF,URAD,,,,,,MIDDLE,EARLY,,MIDDLE,MIDDLE,,
TAMIL NADU,RABI,URAD,BEGINNING,BEGINNING,,,,,,,,BEGINNING,BEGINNING,
TAMIL NADU,SUMMER,URAD,,EARLY,BEGINNING,,BEGINNING,MIDDLE,,,,,,
TRIPURA,KHARIF,URAD,,,,,,,BEGINNING,EARLY,MIDDLE,EARLY,,
TRIPURA,SUMMER,URAD,,EARLY,SOWING,BEGINNING,BEGINNING,MIDDLE,,,,,,
UTTAR PRADESH,SUMMER,URAD,,EARLY,SOWING,BEGINNING,BEGINNING,MIDDLE ,,,,,,
UTTAR PRADESH,KHARIF,URAD,,,,,,,BEGINNING,EARLY,MIDDLE,EARLY,,
WEST BENGAL,KHARIF,URAD,,,,,,,BEGINNING,EARLY,MIDDLE,EARLY,,
WEST BENGAL,SUMMER,URAD,,EARLY,SOWING,BEGINNING,BEGINNING,MIDDLE,,,,,,
ASSAM,RABI,WHEAT,,,EARLY,EARLY,,,,,,,BEGINNING,MIDDLE
BIHAR,RABI,WHEAT,,,EARLY,EARLY,,,,,,,BEGINNING,EARLY
GUJARAT,RABI,WHEAT,,EARLY,EARLY,,,,,,,,BEGINNING,BEGINNING
HARYANA,RABI,WHEAT,,,,BEGINNING,BEGINNING,,,,,EARLY,SOWING,SOWING
HIMACHAL PRADESH,RABI,WHEAT,,,,MIDDLE,SOWING,EARLY,,,,BEGINNING,SOWING,EARLY
KARNATAKA,RABI,WHEAT,,BEGINNING,EARLY,,,,,,,MIDDLE,EARLY,
MADHYA PRADESH,RABI,WHEAT,,EARLY,SOWING,MIDDLE,,,,,,,BEGINNING,EARLY
MAHARASHTRA,RABI,WHEAT,,BEGINNING,EARLY,,,,,,,,MIDDLE,EARLY
ODISHA,RABI,WHEAT,,,HARVEST,HARVEST,,,,,,,SOWING,SOWING
PUNJAB,RABI,WHEAT,,,,MIDDLE,BEGINNING,,,,,EARLY,SOWING,SOWING
RAJASTHAN,RABI,WHEAT,,,BEGINNING,EARLY,,,,,,,SOWING,EARLY
UTTAR PRADESH,RABI,WHEAT,,,MIDDLE,EARLY,,,,,,EARLY,SOWING,SOWING
WEST BENGAL,RABI,WHEAT,,,BEGINNING,BEGINNING,,,,,,,BEGINNING,EARLY
